<?xml version="1.0" encoding="UTF-8"?><nfeProc versao="2.00" xmlns="http://www.portalfiscal.inf.br/nfe"><NFe xmlns="http://www.portalfiscal.inf.br/nfe"><infNFe versao="2.00" Id="NFe35140602009721000198550010000523051136272364"><ide><cUF>35</cUF><cNF>13627236</cNF><natOp>VD MERC ADQ REC TER OP/MERC SJ</natOp><indPag>0</indPag><mod>55</mod><serie>1</serie><nNF>52305</nNF><dEmi>2014-06-25</dEmi><tpNF>1</tpNF><cMunFG>3550308</cMunFG><tpImp>1</tpImp><tpEmis>1</tpEmis><cDV>4</cDV><tpAmb>1</tpAmb><finNFe>1</finNFe><procEmi>0</procEmi><verProc>3.032.027</verProc></ide><emit><CNPJ>02009721000198</CNPJ><xNome>MASTER EXPRESSO COM. EIRELI</xNome><xFant>MASTER EXPRESSO</xFant><enderEmit><xLgr>RUA CLODOMIRO AMAZONAS, 1158 - LOJA 49</xLgr><nro>SEM NUMERO</nro><xBairro>ITAIM BIBI</xBairro><cMun>3550308</cMun><xMun>SAO PAULO</xMun><UF>SP</UF><CEP>04537002</CEP><cPais>1058</cPais><xPais>BRASIL</xPais></enderEmit><IE>115307580118</IE><CRT>3</CRT></emit><dest><CNPJ>68417542000106</CNPJ><xNome>ON LINE COM. E SERV. DE PERSI BRINQ LTDA</xNome><enderDest><xLgr>RUA SILVA BUENO, 123</xLgr><nro>SEM NUMERO</nro><xBairro>IPIRANGA</xBairro><cMun>3550308</cMun><xMun>SAO PAULO</xMun><UF>SP</UF><CEP>04208050</CEP><cPais>1058</cPais><xPais>BRASIL</xPais></enderDest><IE>113528950115</IE></dest><det nItem="1"><prod><cProd>203</cProd><cEAN/><xProd>Cafe Master TRADICIONAL c/150 saches</xProd><NCM>09012100</NCM><CFOP>5405</CFOP><uCom>CX</uCom><qCom>1.0000</qCom><vUnCom>116.9000000000</vUnCom><vProd>116.90</vProd><cEANTrib/><uTrib>CX</uTrib><qTrib>1.0000</qTrib><vUnTrib>116.9000000000</vUnTrib><indTot>1</indTot></prod><imposto><ICMS><ICMS40><orig>0</orig><CST>50</CST></ICMS40></ICMS><IPI><cEnq>999</cEnq><IPITrib><CST>00</CST><vBC>0.00</vBC><pIPI>0.00</pIPI><vIPI>0.00</vIPI></IPITrib></IPI><PIS><PISOutr><CST>99</CST><vBC>0.00</vBC><pPIS>0.00</pPIS><vPIS>0.00</vPIS></PISOutr></PIS><COFINS><COFINSOutr><CST>99</CST><vBC>0.00</vBC><pCOFINS>0.00</pCOFINS><vCOFINS>0.00</vCOFINS></COFINSOutr></COFINS></imposto></det><total><ICMSTot><vBC>0.00</vBC><vICMS>0.00</vICMS><vBCST>0.00</vBCST><vST>0.00</vST><vProd>116.90</vProd><vFrete>0.00</vFrete><vSeg>0.00</vSeg><vDesc>0.00</vDesc><vII>0.00</vII><vIPI>0.00</vIPI><vPIS>0.00</vPIS><vCOFINS>0.00</vCOFINS><vOutro>0.00</vOutro><vNF>116.90</vNF></ICMSTot></total><transp><modFrete>0</modFrete><transporta><CNPJ>09642194000101</CNPJ><xNome>MAURICIO RODRIGUES ZIMMERMANN EPP</xNome><IE>ISENTO</IE><xEnder>RUA PORTO MARTINS, 675</xEnder><xMun>SAO PAULO</xMun><UF>SP</UF></transporta><veicTransp><placa>ZZZ9999</placa><UF>SP</UF></veicTransp><vol><qVol>1</qVol><pesoL>1.500</pesoL><pesoB>1.500</pesoB></vol></transp><cobr><dup><nDup>52305 1/1</nDup><dVenc>2014-07-02</dVenc><vDup>116.90</vDup></dup></cobr><infAdic><infCpl>Empresa Optante pelo Simples Nacional. Nao gera direito ao credito de ICMS</infCpl></infAdic></infNFe><Signature xmlns="http://www.w3.org/2000/09/xmldsig#"> <SignedInfo> <CanonicalizationMethod Algorithm="http://www.w3.org/TR/2001/REC-xml-c14n-20010315"/> <SignatureMethod Algorithm="http://www.w3.org/2000/09/xmldsig#rsa-sha1"/> <Reference URI="#NFe35140602009721000198550010000523051136272364"> <Transforms> <Transform Algorithm="http://www.w3.org/2000/09/xmldsig#enveloped-signature"/> <Transform Algorithm="http://www.w3.org/TR/2001/REC-xml-c14n-20010315"/> </Transforms> <DigestMethod Algorithm="http://www.w3.org/2000/09/xmldsig#sha1"/> <DigestValue>jLNcc3GPM/cEDdB8usY7JBod5wk=</DigestValue> </Reference> </SignedInfo> <SignatureValue>jLNcc3GPM/cEDdB8usY7JBod5wk=</SignatureValue> <KeyInfo> <X509Data> <X509Certificate>jLNcc3GPM/cEDdB8usY7JBod5wk=</X509Certificate> </X509Data> </KeyInfo> </Signature></NFe><protNFe versao="2.00"><infProt><tpAmb>1</tpAmb><verAplic>SVRS3.032.027</verAplic><chNFe>35140602009721000198550010000523051136272364</chNFe><dhRecbto>2014-06-25T15:57:57</dhRecbto><nProt>135140388563084</nProt><digVal>jLNcc3GPM/cEDdB8usY7JBod5wk=</digVal><cStat>100</cStat><xMotivo>Autorizado o uso da NF-e</xMotivo></infProt></protNFe></nfeProc>
